,odor,cid
0,(+)-alpha-pinene,82227
1,(+)-beta-pinene,10290825
2,(+)-carvone,16724
3,(+)-ethyl lactate,
4,(+)-fenchone,1201521
5,(+)-linalool,67179
6,(+)-menthone,443159
7,(+)-terpinen-4-ol,2724161
8,(-)-Fenchone,82229
9,(-)-Menthone,26447
10,(-)-a-thujone,261491
11,(-)-alpha-pinene,440968
12,(-)-beta-pinene,440967
13,(-)-carvone,439570
14,(-)-caryophyllene oxide,1742210
15,(-)-ethyl lactate,92831
16,(-)-linalool,443158
17,"(-)-trans-p-Menthane-3,8 diol",
18,(E)-1-(1-azepanyl)-2-methyl-2-penten-1-one,
19,(E)-2-Hexenyl acetate,2733294
20,(E)-2-hexenal,5281168
21,"(E)-2-methyl-N,N-di-2-propenyl-2-pentenamide",
22,(E)-3-Hexen-1-ol,5284503
23,(E)-3-Methyl-2-hexanoic acid,
24,"(E)-N,N-di-(2-methylpropyl)-2-hexenamide",
25,(E)-N-butyl-N-ethyl-2-methyl-2-pentenamide 2 2 1 0.117,
26,(E)-N-cyclohexyl-N-ethyl-2-hexenamide,
27,(E)-N-ethyl-2-methyl-N-(2-methyl-2-propenyl)-2-pentenamide,
28,(E)-N-n-butyl-N-ethyl-2-hexenamide,
29,(E)-beta-Ocimene,5281553
30,(E/Z)-3-Methyl-2-hexanoic acid,
31,(R)-(+)-1-decyn-3-ol,
32,"(R)-1,(z)-5-octadien-3-ol",
33,(S)-(-)-1-decyn-3-ol,
34,(Z)-3-Hexen-1-ol,5281167
35,(Z)-3-Hexenyl acetate,5363388
36,(Z)-3-Methyl-2-hexanoic acid,
37,"1,4-Cineole",10106
38,"1,5-octadien-3-ol",6428570
39,"1-(1-azepanyl)-2,2-dimethyl-1-propanone",
40,1-(1-azepanyl)-2-methyl-1-pentanone,
41,1-Dodecanol,8193
42,1-Hepten-3-ol,21057
43,1-Hexen-3-ol,20928
44,1-Nonen-3-ol,89560
45,1-Octen-3-ol,18827
46,1-butanol,263
47,1-chlorododecane,8192
48,1-chloroheptane,12371
49,1-chlorohexadecane,20993
50,1-chlorohexane,10992
51,1-chlorotetradecane,17043
52,1-decanol,8174
53,1-heptanol,8129
54,1-hexadecene,12395
55,1-methylindole,11781
56,1-methylpiperazine,53167
57,1-nonanol,8914
58,1-octen-3-one,61346
59,1-octen-4-ol,142471
60,1-pentanol,6276
61,1-penten-3-ol,12020
62,1-propanol,1031
63,1-tetradecanol,8209
64,1-tetradecene,14260
65,1S-(+)-3-carene,
66,"2,3,5-trimethyl pyrazine",26808
67,"2,3-Docosanediol",71318834
68,"2,3-butanediol",262
69,"2,3-butanedione",650
70,"2,3-dimethyl -2-cyclopenten-1-one",
71,"2,3-dimethyl -5-isobutyl pyrazine",
72,"2,4,5-trimethyl thiazole",61653
73,"2,4-dimethyl hexane",11511
74,"2,5-dimethylpyrazine",31252
75,"2,6-dimethylpyrazine",7938
76,2-Butoxyethanol,8133
77,2-Heptanone,8051
78,2-Methoxy-2-methylpropane,15413
79,2-Nonanone,13187
80,2-Oxopentanoic acid,74563
81,2-acetylpyridine,14286
82,2-acetylthiazole,520108
83,2-acetylthiophene,6920
84,2-butanone,6569
85,2-decanol,14254
86,2-decanone,12741
87,2-dodecanone,22556
88,2-ethoxythiazole,61809
89,"2-ethyl -3,5 (or 6)-dimethylpyrazine",
90,2-ethyl-Hexanol,7720
91,2-ethyl-toluene,
92,2-ethylhexanoic acid,8697
93,2-ethylphenol,6997
94,2-hexadecanol,85779
95,2-hexanone,11583
96,2-hydroxypentanoic acid,98009
97,2-iso-butyl-thiazole,
98,2-methyl-1-butanol,8723
99,2-methyl-3-pentanol,11264
100,2-methylbutanal,7284
101,2-methylbutanoic acid,8314
102,2-methylbutyraldehyde,7284
103,2-methylcyclopentanone,14265
104,2-methylfuran,10797
105,2-methylheptanoic acid,14475
106,2-methylhexanoic acid,20653
107,2-methylindole,7224
108,2-methylnonanoic acid,91166
109,2-methylphenol,335
110,2-octenoic acid,5282714
111,2-oxo-3-methylbutanoic acid,49
112,2-oxo-3-methylpentanoic acid,47
113,2-oxo-4-methylpentanoic acid,70
114,2-oxobutanoic acid,58
115,2-oxohexanoic acid,159664
116,2-oxooctanoic acid,67600
117,2-oxopropanoic acid,1060
118,2-pentadecanone,61303
119,2-pentanol,22386
120,2-pentanone,7895
121,2-pentene,
122,2-phenoxy ethanol,31236
123,2-phenylethanol,6054
124,2-picoline,7975
125,2-propenal,7847
126,2-propylphenol,12570
127,2-tridecanone,11622
128,2-undecanone,8163
129,"3,5,5-trimethyl -Hexanol",
130,3-Methyl-2-hexenoic acid,6443739
131,3-Methylbutanoic acid,10430
132,3-Octanol,11527
133,3-acetoxy-2-butanone,521246
134,3-aminopyridine,10009
135,3-hexanol,12178
136,3-hydroxy-2-butanone,179
137,3-methyl indole,6736
138,3-methyl-1-butanol,31260
139,3-methyl-2-buten-1-ol,11173
140,3-methyl-2-cyclohexenol,89487
141,3-methyl-3-pentanol,6493
142,3-methylbutanal,11552
143,3-methylcyclopentanone,15650
144,3-methylphenol,342
145,3-methylthio-1-propanol,10448
146,3-octanone,246728
147,3-pentanone,7288
148,"4,5-dimethylthiazole",62510
149,4-Methyl-cyclohexanol,11524
150,4-Methylcyclohexanol (cis + trans),
151,4-aminopyridine,1727
152,4-ethyl guaiacol,
153,4-ethylphenol,31242
154,4-hydroxybenzoic acid,135
155,4-methyl-3-penten-2-one,8858
156,4-methylcyclohexanol,11524
157,4-methylindole,85282
158,4-methylthiazole,12748
159,4-peridinemethanamine,
160,5-Methyl-2-hexanone,8034
161,5-hexen-1-ol,69963
162,5-methylindole,11978
163,5-nonanone,10405
166,6-Methyl indole,137928
167,6-methyl-5-hepten-2-one,9862
168,7-Octenoic acid,543977
169,7-methylindole,70275
170,Acetic Acid,176
171,Acetone,180
172,Ammonia,222
173,Bayrepel,125098
174,Benzaldehyde,240
175,Benzoic Acid,243
176,Benzyl alcohol,244
177,Butanal,261
178,Butanoic Acid,264
179,Butyl 2-methylbutanoate,61812
180,Butyl Anthranilate,24433
181,Butyl butyrate,7983
182,Butyl heptadecanoate,3016338
183,Butyl isobutyrate,7353
184,Butylamine,8007
185,Caffeic Acid,689043
186,Carbon disulfide,6348
187,Carvacrol,10364
188,Cholesterol,5997
189,Citral,
190,D-Limonene,440917
191,D-neomenthol,439263
192,DEB,
193,DEET,4284
194,DEPA,17076
195,DL-(+)-Lactic acid,
196,DL-3-methylvaleric acid,7755
197,DMSO,679
198,Decanal,8175
199,Decyl undecanoate,12077579
200,Dehyrolinalool,
201,Dichloromethane,6344
202,Dimethyl disulfide,12232
203,Dimethyl trisulfide,19310
204,Dodecyl nonanoate,87220
205,E2-hexenol,
206,E3-hexenol,
207,Eicosanoic acid,10467
208,Ethyl -2-(p-tolyldiazenyl) 3-oxobutanoate,
209,Ethyl 2-((1-hydroxynaphthalen-2-yl)diazenyl)-3-oxobutanoate,137182715
210,Ethyl 2-((2-(hydroxymethyl)phenyl)diazenyl)-3-oxobutanoate,129852270
211,Ethyl 2-((2-acetylphenyl)diazenyl)-3-oxobutanoate,129852269
212,Ethyl 2-((4-acetylphenyl)diazenyl)-3-oxobutanoate,19449
213,Ethyl 2-((4-fluorophenyl)diazenyl)-3-oxobutanoate,85614986
214,Ethyl 2-((4-hydroxyphenyl)diazenyl)-3-oxobutanoate,137131975
215,Ethyl 2-((4-nitrophenyl)diazenyl)-3-oxobutanoate,6612372
216,Ethyl 2-(phenyldiazenyl)-3-oxobutanoate,21615
217,"Ethyl 4,4,4-trifluoro-2-((4-methoxyphenyl)diazenyl)-3-oxobutanoate",129852264
218,Ethyl anthranilate,6877
219,Ethyl butyrate,7762
220,Ethyl disulfide,8077
221,Ethyl hexanediol,7211
222,Ethyl propionate,7749
223,Ethylene glycol,174
224,Ethylhexanoate,31265
225,eucalyptol,2758
226,Eugenol,3314
227,Geranic Acid,5275520
228,Geraniol,637566
229,Geranyl acetone,1549778
230,Henkel100,
231,Heptadecyl butanoate,525318
232,Heptalactone,
233,Heptanal,8130
234,Heptane,8900
235,Heptyl tetradecanoate,22169181
236,Hexadecanoic acid,985
237,Hexadecyl pentanoate,546233
238,Hexahydro-1-(1-oxohexyl)-1H-azepine,246832
239,Hexahydro-1-(3-methylcrotonoyl)-1H-azepine,
240,Hexanal,6184
241,Hexanoic acid,8892
242,Hexanol,8103
243,Hexyl pentadecanoate,87382831
244,IR3535,104150
245,Indole,798
246,Isobutyl 2-((4-fluorophenyl)diazenyl)-3-oxobutanoate,129852261
247,Isopropyl acetate,7915
248,L-(+)-Lactic acid,107689
249,Lactic Acid,612
250,Lilac alcohol,526973
251,Lilac aldehyde,
252,Limonene,22311
253,Linalool,6549
254,Linalool Oxide,
255,Linalool Oxide (Furanoid),22310
256,Linalool Oxide (Pyranoid),26396
257,Lysine,
258,Menthone,
259,Methyl 2-((3-chlorophenyl)diazenyl)-3-oxobutanoate,129852265
260,"Methyl N,N-dimethyl anthranilate",82336
261,Methyl butyrate,12180
262,Methyl eugenol,7127
263,Methyl propionate,11124
264,Methyl propyl disulfide,16592
265,Methyl sulfide,1068
266,Myristic Acid,11005
267,"N,2-diethyl-N-(2-methyl-2-propenyl)butanamide",
268,"N,N-bis(2-methylpropyl)-3-phenyl-2-propenamide",
269,"N,N-diallylhexanamide",3546331
270,"N,N-diisobutyl-3-methyl-crotonamide",
271,"N,N-diisobutyl-3-methylbutanamide",
272,"N-butyl-N,2-diethylbutanamide",3634955
273,"N-butyl-N-ethyl-2,2-dimethylpropanamide",
274,N-butyl-N-ethyl-2-methylbenzamide,
275,N-butyl-N-ethyl-2-methylpentanamide,44890675
276,N-butyl-N-ethyl-3-methyl-2-butenamide,
277,N-butyl-N-ethyl-3-methylbutanamide,
278,N-butyl-N-ethyl-cinnamamide,
279,N-butyl-N-ethylhexanamide,20081710
280,N-butyl-N-methyl-5-hexynamide,
281,N-butyl-N-methyl-hexanamide,
282,N-cyclohexyl-N-ethyl-3-methylbutanamide 5 7 1.5 0.172,
283,N-cyclohexyl-N-ethylhexanamide,
284,"N-ethyl-2,2-dimethyl-N-(2-methyl-2-propenyl)propanamide",
285,N-ethyl-2-methyl-N-(2-methyl-2-propenyl)benzamide,
286,N-ethyl-2-methyl-N-phenyl-benzamide,
287,N-ethyl-3-methyl-N-(2-methyl-2-propenyl)-2-butenamide,
288,"N-ethyl-N,3-diphenyl-2-propenamide",
289,N-ethyl-N-phenylhexanamide,4563563
290,Naphthalene,931
291,Nerol,643820
292,Nonanal,31289
293,Nonyl dodecanoate,3016337
294,Octadecyl propanoate,527531
295,Octanal,454
296,Octanol,957
297,Octyl tridecanoate,54007499
298,Paraffin Oil,
299,Pentadecyl hexanoate,539149
300,Pentanoic acid,7991
301,Pentyl hexadecanoate,3084526
302,Permethrin,40326
303,Phenol,996
304,Picaridin,125098
305,Propanal,527
306,Propanoic acid,1032
307,Propyl octadecanoate,77190
308,Propylamine,7852
309,Putrescine,1045
310,Pyridine,1049
311,R-(-)-1-octen-3-ol,
312,R-1-octyn-3-ol,
313,R-3-octanol,
314,S-(+)-1-octen-3-ol,2724898
315,S-(-)-Perillaldehyde,
316,S-(-)-Perillyl alcohol,
317,SS220,
318,Salicylic acid,338
319,Sulcatone,9862
320,Tetradecyl heptanoate,122462
321,Thiazole,9256
322,Thymol,6989
323,Trans-2-methyl-2-pentenoic acid,5365909
324,Tridecyl octanoate,589195
325,Trimethylamine,1146
326,Undecanoic Acid,8180
327,Undecyl decanoate,13508495
328,Verbenone,
329,Z-4 Decanal,
330,Z2-hexenol,
331,Z3-hexenol,
332,a-humulene,6508206
333,a-terpinene,7462
334,a-terpineol,17100
335,aB thujone,
336,acetaldehyde,177
337,acetophenone,7410
338,acetothiophene,
339,acetylpyridine,14286
340,acetylthiazole,520108
341,acrylic acid,6581
342,adipic acid,196
343,alpha-Thujone,261491
344,alpha-pinene,6654
345,ammonium hydroxide,14923
346,anisaldehyde,31244
347,anisole,7519
348,b-caryophyllene,5281515
349,b-citronellol,101977
350,benzene,241
351,benzothiazole,7222
352,benzyl acetate,8785
353,benzyl chloride,7503
354,beta-Farnesene,
355,beta-Ocimene,5281553
356,beta-pinene,14896
357,butanone,6569
358,butyl acetate,31272
359,cadaverine,273
360,camphor,2537
361,caryophyllene,
362,cinnamaldehyde,637511
363,cinnpentyl acetate,
364,cis-9-octadecenoic acid,445639
365,citronellal,7794
366,citronellol,8842
367,coumarin,323
368,cuminaldehyde,326
369,cyclohexanone,7967
370,cyclopentanone,8452
371,d-decalactone,12810
372,decane,15600
373,decanoic acid,2969
374,delta-undecalactone,61204
375,diethyl ether,3283
376,diethyl succinate,31249
377,dihydrogen oxide,962
378,dimethyl adipate,12329
379,dimethyl sulfide,1068
380,dimethyl thiazole,
381,dodecanoic acid,3893
382,estradiol,5757
383,ethanoic acid,176
384,ethanol,702
385,ethyl 2-aminobenzoate,6877
386,ethyl 3-hydroxybutyrate,62572
387,"ethyl 4-((1-ethoxy-1,3-dioxobutan-2-yl)diazenyl)benzoate",86196983
388,ethyl acetate,8857
389,ethyl benzoate,7165
390,ethyl cinnamate,
391,ethyl decanoate,8048
392,ethyl formate,8025
393,ethyl hexanoate,31265
394,ethyl lactate,7344
395,ethyl octanoate,7799
396,ethyl trans-2-butenoate,429065
397,ethyl-3-hydroxybutyrate,62572
398,ethyl-3-hydroxyhexanote,
399,ethylbenzene,7500
400,formic acid,284
401,furfural,7362
402,g-butyrolactone,7302
403,g-decalactone,
404,g-hexalactone,
405,g-octalactone,
406,geranyl acetate,1549026
407,glycerol,753
408,heneicosane,12403
409,heptadecane,12398
410,heptadecanoic acid,10465
411,heptanoic acid,8094
412,heptenal,5283316
413,hexadecane,11006
414,hexane,8058
415,hexanedioic acid,196
416,hexyl acetate,8908
417,hexyl butyrate,17525
418,hexyl hexanoate,22873
419,hexylamine,8102
420,iso-butanoic acid,
421,isobutanal,6561
422,isobutyl acetate,8038
423,isobutanoic acid,6590
424,isopentyl acetate,31276
425,lauric acid,3893
426,linalyl acetate,8294
427,linoleic acid,5280450
428,menthol,1254
429,menthyl acetate,27867
430,"meso-2,3-butanediol",220010
431,methanol,887
432,methoxycinnamaldehyde,4452795
433,methyl acetate,6584
434,methyl benzoate,7150
435,methyl disulfide,12232
436,methyl hexanoate,7824
437,methyl jasmonate,
438,methyl nonanoate,15606
439,methyl octanoate,8091
440,methyl salicylate,4133
441,methyl tridecanoate,15608
442,methyl urea,11719
443,methyl-2-methyl benzoate,
444,methylbenzoate,7150
445,mineral oil,
446,myrcene,31253
447,n-heptane anhydride,
448,n-octadecane,11635
449,n-octane,356
450,n-pentadecane,12391
451,n-piperidineethanol,18232
452,nonadecanoic acid,12591
453,nonane,8141
454,nonanoic acid,8158
455,octadecanoic acid,5281
456,octanoic acid,379
457,octyl acetate,8164
458,oxobutylic acid,
459,oxo-pentanoic acid,
460,oxovaleric acid,
461,p-cresol,2879
462,p-cymene,7463
463,pentadecanoic acid,13849
464,pentanal,8063
465,pentyl acetate,12348
466,pentylamine,8060
467,phenethanol,6054
468,phenethyl acetate,7654
469,phenylacetaldehyde,998
470,pimelic acid,385
471,propyl acetate,7997
472,propylbenzene,7668
473,pyrazine,9261
474,s-cis-verbenol,
475,squalene,638072
476,styrene,7501
477,terpinolene,11463
478,tertyl-butyl methyl ether,
479,thiazolidine,10444
480,thiourea,2723790
481,thujone,
482,toluene,1140
483,trans 2-nonenal,
484,"trans-2,3-dimethylacrylic acid",125468
485,trans-2-hexenoic acid,5282707
486,trans-2-octen-1-ol,5318599
487,trans-2-octene,5364448
488,trans-3-octene,638228
489,trans-4-octene,5357253
490,trans-cinnamaldehyde,637511
491,tridecanoic acid,12530
492,urea,1176
493,valeric acid,7991
494,xylene,
496,4-propyl benzaldehyde,120047
497,methyl-2-methylbenzoate,33094
498,fenchone,14525
499,cyclohexanol,7966
500,carvone,7439
501,"2,4-dimethylthiazole",10934
502,decalactone,
503,spermidine,1102
504,spermine,1103
505,dimethyl phthalate,8554
506,dibutyl phthalate,3026
507,cinnamyl alcohol,5315892
508,S-Limonene,
509,phytol,
510,citronellic acid,10402
511,acetylacetone,31261
512,2-hydroxyacetophenone,68490
513,"2,4-dimethylacetophenone",6985
514,thiozole,
515,heptylamine,8127
516,pyrrolidine,31268
517,pyrrole,8027
518,2-methylpyrazine,7976
519,triethylamine,8471
520,ethylpyrazine,26331
521,2-nonanol,12367
522,1-undecanol,8184
523,2-methyl-3-buten-2-ol,8257
524,phenylacetic acid ,999
525,phenylethyl acetate,7654
526,dodecyl acetate,8205
527,benzyl salicylate,8363
528,benzyl benzoate,2345
529,b-myrcene,31253
530,E-Linalool Oxide,
531,dodecanal,8194
532,2-hexanol,12297
533,methylcyclohexanol,
534,acetoin,179
535,benzylnitrile,8794
536,geosmin,29746
537,methyl amine,6329
538,butyl amine,8007
539,valencene,9855795
540,limonene oxide,
541,dimethylamine,674
542,phenylethylamine,1001
543,ethylamine,6341
544,farnesol,
545,cis-vaccenyl acetate,5363286
546,2-propanol,3776
547,methanal,712
548,carbon dioxide,280
549,ethyl 2-methylbutanoate,24020
550,E2-octenal,
551,2-Isobutyl-3-methoxypyrazine,32594
552,g-Valerolactone,
553,ethanolamine,700
554,propanethiol,7848
555,dipropyldisulphide,
556,ethyl pentanoate,10882
557,3-methylthio-1-propanol,10448
558,4-propyl phenol,12580
559,4-methyl-2-nitrophenol,8391
560,isoeugenol,853433
561,4-vinylguaiacol,332
562,guaiacol,460
563,3-ethylphenol,12101
564,guaiacol acetate,61155
565,"e,e-farnesol",445070
566,4-methoxybenzene,7519
567,benzyl cyanide,8794
568,4-methylphenol,2879
569,4hydroxy-3-methoxybenzaldehyde,
570,isobutyl alcohol,6560
571,butyl hexanoate,12294
572,propyl hexanoate,12293
573,isopropyl tiglate,5367745
574,isopropyl benzoate,13654
575,phenylethyl propionate,31225
576,isoamyl benzoate,7193
577,isoamyl butyrate,7795
578,propyl benzoate,16846
579,isobutyl tiglate,5367806
580,isopentyl hexanoate,16617
581,2-methoxy-4-vinyl phenol,332
582,isopropyl isopentanoate,61914
583,ethyl 3-methylsulfanylpropanoate,61592
584,cis-3-hexenyl benzoate,5367706
585,farnesene,5281516
586,acetovanillone,2214
587,2-mercaptoethanol,1567
588,"1,2-propanediol",1030
589,4-vinylphenol,62453
590,4-phenyl-2-butanol,61302
591,methyl cedryl ether,
592,ocimene,5281553
593,phenethyl isobutyrate,7655
594,bornyl acetate,
595,isobutyl benzoate,61048
596,alpha-phellandrene,7460
597,n-pentyl benzoate,16296
598,4-ethylresorcinol,17927
599,benzyl butyrate,7650
600,phenylacetaldehyde dimethyl acetal,60995
601,amyl hexanoate,10886
602,m-cymene,10812
603,furfuryl alcohol,7361
604,butyl benzoate,8698
605,benzyl valerate,82584
606,ethyl gallate,13250
607,ethyl vanillin,8467
608,quercetin,5280343
609,butylhydroxytoluene,31404
610,ethyl protocatechuate,77547
611,tyrosol,10393
612,phenoxyethanol,31236
613,tetradecane,12389
614,heptacosane,11636
615,tricosane,12534
616,heneicosane,12403
617,hexacosane,12407
618,docosane,12405
619,tetracosane,12592
620,pentacosane,12406
621,methyl myristate,31284
622,octacosane,12408
623,tridecane,12388
624,pentadecane,12391
625,octadecane,11635
626,nonadecane,12401
627,eicosane,8222
628,nonacosane,12409
629,2-methyl docosane,
630,2-methyl tetracosane,
631,2-methyl hexacosane,
632,2-methyl octacosane,
633,5-methyl tricosane,
634,7-methyl tricosane,
635,hexadecene,12395
636,(Z)-7-tricosene,14367296
637,(Z)-9-tricosene,5365075
638,(Z)-7-pentacosene,56936090
639,"(Z,Z)-7,11-pentacosadiene",14464903
640,"(Z,Z)-7,11-heptacosadiene",14464905
641,"(Z,Z)-7,11-octacosadiene",
642,"(Z,Z)-7,11-nonacosadiene",
643,methyl laurate,8139
644,methyl palmitate,8181
645,palmitoleic acid,445638
646,chlorine (bleach),
647,chlorine (calcium hypochlorite),
648,diazinon,3017
649,endosulfan,3224
650,methyldiethanolamine,7767
651,ethyldiethanolamine,8769
652,diethyl phosphite,
653,triethyl phosphite,31215
654,"2,3-dimethyl-2,3-dinitrobutane",77577
655,hexamine,4101
656,hydrogen peroxide,784
657,nitric acid,944
658,nitromethane,6375
659,potassium perchlorate,516900
660,sodium perchlorate,522606
661,sulfur,5362487
662,cyclotrimethylenetrinitramine,8490
663,hexamethylene triperoxide diamine,61101
664,nitroglycerin,4510
665,pentaerythritol tetranitrate,6518
666,triacetone triperoxide,4380970
667,"2,4,6-trinitrotoulene",
668,acetic anhydride,7918
669,formamide,713
670,1-phenyl-2-nitropropene,1549520
671,phenyl-2-propanone,7678
672,safrole,5144
673,sassafras oil,
674,"3,4-Methylenedioxy-N-methyl amphetamine",
675,cis-vaccenic acid,5282761
676,cis-vaccenyl alcohol,11821627
677,oleyl acetate,
678,oleyl alcohol,5284499
679,trans-methyl vaccenate,
680,alpha-ionone,5282108
681,2-octanone,8093
682,3-heptanone,7802
683,2-octanol,20083
684,(2S)-heptan-2-ol,2724897
685,2-ethylpyrazine,26331
686,2-methoxypyrazine,18467
687,2-methoxy-3-methylpyrazine,17898
688,"2,3-dimethylpyrazine",22201
689,4-methylvaleric acid,12587
690,(+)-limonene oxide,91496
691,"1,1-dimethoxyethane",10795
692,"1,3-propanedithiol",8013
693,"2,4,5-trimethylthiazole",61653
694,(+)-2-butanol,6568
695,2-butanol,6568
696,2-isobutylthiazole,62725
697,2-methylcyclohexanol,11418
698,(+)-3-heptanol,
699,4-penten-1-ol,13181
700,7-oxabicyclo[2.2.1]-heptane,
701,benzylamine,7504
702,benzyl trans-2-methyl-2-butenoate,250096
703,(-)-carveol,
704,chlorobenzene,7964
705,citronellyl acetate,9017
706,dimethoxymethane,8020
707,ethyl isobutyrate,7342
708,farnesal,5280598
709,furfuryl heptanoate,557223
710,furfuryl octanoate,61985
711,pentane,8003
712,(R)-(+)-citronellal,75427
713,xylenes,
714,ethyl 2-methyl-2e-butenoate,
715,3-mercaptopropanoate,7057961
716,diethylamine,8021
717,(-) bornyl acetate,
718,2-methylisoborneol,
719,cis-3-hexenyl propionate,
720,1-octen-3-yl butyrate,27892
721,trans-3-hexenyl acetate,5352557
722,isopropyl pentanoate,87598
723,4-methyl pentanol,
724,2-methoxy-4-propyl phenol,17739
725,hexyl isovalerate,61455
726,phenylacetic acid,999
727,isoamyl propionate,7772
728,prenyl acetate,14489
729,acetoin acetate,521246
730,2-Ethyl-5(6)-methylpyrazine,16220105
731,2-Acetyl-3-methylpyrazine,32093
732,"2-Ethyl-3,5(or 6)-dimethylpyrazine",
733,2-Ethyl-3-methylpyrazine,27457
734,2-Ethyl-3-methoxypyrazine,33135
735,"2,3-Diethylpyrazine",27458
736,2-Chloropyrazine,73277
737,2-Acetyl-3-ethylpyrazine,61918
738,2-Acetylpyrazine,30914
739,"5H-5-Methyl-6,7-dihydrocyclopenta pyrazine oil",
740,2-Methoxy-3-(1-methylpropyl),
741,2-isobutyl-3-Methylpyrazine,26333
742,"2-Acetyl-3,5(or 6)-dimethylpyrazine",
743,"2,3,5,6-Tetramethylpyrazine",14296
744,Pyrazineethanethiol,61945
745,ethyl pyruvate,12041
746,E3-hexanol,
747,borneol,
748,pulegone,
749,rosemary oil,
750,trans-anethole,637563
751,trans-9-Hexadecenoic acid,5282745
752,trans-9-octadecenoic acid,637517
753,methyl palmitoleate,643801
754,Methyl (Z)-9-octadecenoate,5364509
755,methyl stearate,8201
756,caprolactone,10401
757,2-methyl-2-thiozoline,
